<?xml version="1.0" encoding="UTF-8"?>
<!-- configure beans required for Spring MVC -->
<beans xmlns="http://www.springframework.org/schema/beans"
	xmlns:xsi="http://www.w3.org/2001/XMLSchema-instance" xmlns:context="http://www.springframework.org/schema/context"
	xmlns:mvc="http://www.springframework.org/schema/mvc" xmlns:tx="http://www.springframework.org/schema/tx"
	xsi:schemaLocation="http://www.springframework.org/schema/beans
       http://www.springframework.org/schema/beans/spring-beans.xsd
       http://www.springframework.org/schema/mvc
       http://www.springframework.org/schema/mvc/spring-mvc.xsd
       http://www.springframework.org/schema/context
       http://www.springframework.org/schema/context/spring-context.xsd">
       
       
       <mvc:annotation-driven></mvc:annotation-driven>
       <context:component-scan base-package="com.niit"></context:component-scan>
       
       <bean id="internalResourceViewResolver" class="org.springframework.web.servlet.view.InternalResourceViewResolver">
       
       <property name="prefix" value="/WEB-INF/views/"></property>
       <property name="suffix" value=".jsp"></property>
       </bean>
       
       <bean id="multipartResolver" class="org.springframework.web.multipart.commons.CommonsMultipartResolver">
       </bean>
       
      <mvc:resources location="/WEB-INF/resources/" mapping="/resources/**"></mvc:resources>
</beans>
